{
  "frames": [
    [
      {
        "x": 22,
        "y": 176,
        "width": 460,
        "height": 197
      }
    ],
    [
      {
        "x": 24,
        "y": 176,
        "width": 458,
        "height": 198
      }
    ],
    [
      {
        "x": 26,
        "y": 176,
        "width": 460,
        "height": 193
      }
    ],
    [
      {
        "x": 28,
        "y": 176,
        "width": 456,
        "height": 191
      }
    ],
    [
      {
        "x": 35,
        "y": 176,
        "width": 438,
        "height": 191
      }
    ],
    [
      {
        "x": 37,
        "y": 176,
        "width": 415,
        "height": 192
      }
    ],
    [
      {
        "x": 37,
        "y": 176,
        "width": 413,
        "height": 192
      }
    ],
    [
      {
        "x": 35,
        "y": 176,
        "width": 416,
        "height": 193
      }
    ],
    [
      {
        "x": 32,
        "y": 176,
        "width": 418,
        "height": 194
      }
    ],
    [
      {
        "x": 28,
        "y": 176,
        "width": 422,
        "height": 192
      }
    ],
    [
      {
        "x": 27,
        "y": 176,
        "width": 433,
        "height": 192
      }
    ],
    [
      {
        "x": 25,
        "y": 176,
        "width": 443,
        "height": 192
      }
    ],
    [
      {
        "x": 26,
        "y": 176,
        "width": 442,
        "height": 192
      }
    ],
    [
      {
        "x": 20,
        "y": 176,
        "width": 471,
        "height": 199
      }
    ],
    [
      {
        "x": 31,
        "y": 176,
        "width": 419,
        "height": 191
      }
    ],
    [
      {
        "x": 31,
        "y": 176,
        "width": 419,
        "height": 190
      }
    ],
    [
      {
        "x": 33,
        "y": 176,
        "width": 418,
        "height": 192
      }
    ],
    [
      {
        "x": 30,
        "y": 176,
        "width": 420,
        "height": 194
      }
    ],
    [
      {
        "x": 28,
        "y": 176,
        "width": 424,
        "height": 194
      }
    ],
    [
      {
        "x": 26,
        "y": 176,
        "width": 432,
        "height": 198
      }
    ],
    [
      {
        "x": 24,
        "y": 176,
        "width": 448,
        "height": 197
      }
    ]
  ]
}