{
  "frames": [
    [
      {
        "x": 72,
        "y": 183,
        "width": 365,
        "height": 201
      }
    ],
    [
      {
        "x": 92,
        "y": 182,
        "width": 327,
        "height": 204
      }
    ],
    [
      {
        "x": 116,
        "y": 182,
        "width": 273,
        "height": 201
      }
    ],
    [
      {
        "x": 72,
        "y": 186,
        "width": 368,
        "height": 199
      }
    ],
    [
      {
        "x": 72,
        "y": 182,
        "width": 366,
        "height": 203
      }
    ],
    [
      {
        "x": 156,
        "y": 184,
        "width": 194,
        "height": 202
      }
    ],
    [
      {
        "x": 190,
        "y": 184,
        "width": 128,
        "height": 200
      }
    ],
    [
      {
        "x": 164,
        "y": 182,
        "width": 180,
        "height": 198
      }
    ],
    [
      {
        "x": 135,
        "y": 186,
        "width": 235,
        "height": 194
      }
    ],
    [
      {
        "x": 92,
        "y": 182,
        "width": 324,
        "height": 198
      }
    ],
    [
      {
        "x": 60,
        "y": 182,
        "width": 390,
        "height": 202
      }
    ]
  ]
}