{
  "frames": [
    [
      {
        "x": 26,
        "y": 35,
        "width": 205,
        "height": 195
      }
    ],
    [
      {
        "x": 41,
        "y": 46,
        "width": 172,
        "height": 169
      }
    ],
    [
      {
        "x": 61,
        "y": 68,
        "width": 148,
        "height": 139
      }
    ],
    [
      {
        "x": 21,
        "y": 15,
        "width": 218,
        "height": 233
      }
    ],
    [
      {
        "x": 33,
        "y": 48,
        "width": 188,
        "height": 170
      }
    ],
    [
      {
        "x": 62,
        "y": 67,
        "width": 141,
        "height": 136
      }
    ]
  ]
}