{
  "frames": {
    "water_circle_8": {
      "frame": {
        "x": 0,
        "y": 0,
        "w": 30,
        "h": 30
      },
      "rotated": false,
      "trimmed": false,
      "spriteSourceSize": {
        "x": 0,
        "y": 0,
        "w": 30,
        "h": 30
      },
      "sourceSize": {
        "w": 30,
        "h": 30
      }
    },
    "water_circle_16": {
      "frame": {
        "x": 126,
        "y": 0,
        "w": 46,
        "h": 46
      },
      "rotated": false,
      "trimmed": false,
      "spriteSourceSize": {
        "x": 0,
        "y": 0,
        "w": 46,
        "h": 46
      },
      "sourceSize": {
        "w": 46,
        "h": 46
      }
    },
    "water_circle_24": {
      "frame": {
        "x": 252,
        "y": 0,
        "w": 62,
        "h": 62
      },
      "rotated": false,
      "trimmed": false,
      "spriteSourceSize": {
        "x": 0,
        "y": 0,
        "w": 62,
        "h": 62
      },
      "sourceSize": {
        "w": 62,
        "h": 62
      }
    },
    "water_circle_32": {
      "frame": {
        "x": 378,
        "y": 0,
        "w": 78,
        "h": 78
      },
      "rotated": false,
      "trimmed": false,
      "spriteSourceSize": {
        "x": 0,
        "y": 0,
        "w": 78,
        "h": 78
      },
      "sourceSize": {
        "w": 78,
        "h": 78
      }
    },
    "water_circle_40": {
      "frame": {
        "x": 0,
        "y": 126,
        "w": 94,
        "h": 94
      },
      "rotated": false,
      "trimmed": false,
      "spriteSourceSize": {
        "x": 0,
        "y": 0,
        "w": 94,
        "h": 94
      },
      "sourceSize": {
        "w": 94,
        "h": 94
      }
    },
    "water_circle_48": {
      "frame": {
        "x": 126,
        "y": 126,
        "w": 110,
        "h": 110
      },
      "rotated": false,
      "trimmed": false,
      "spriteSourceSize": {
        "x": 0,
        "y": 0,
        "w": 110,
        "h": 110
      },
      "sourceSize": {
        "w": 110,
        "h": 110
      }
    },
    "water_circle_56": {
      "frame": {
        "x": 252,
        "y": 126,
        "w": 126,
        "h": 126
      },
      "rotated": false,
      "trimmed": false,
      "spriteSourceSize": {
        "x": 0,
        "y": 0,
        "w": 126,
        "h": 126
      },
      "sourceSize": {
        "w": 126,
        "h": 126
      }
    }
  }
}